url,image_id
https://scontent-lht6-1.cdninstagram.com/vp/2391d2eb21511398beef6ef9c7d2cddf/5CC9CFD7/t51.2885-15/e35/47693964_308719203102534_6591720479668432547_n.jpg?_nc_ht=scontent-lht6-1.cdninstagram.com,1
https://scontent-lht6-1.cdninstagram.com/vp/1e2f35e87ddcf6cf620644ce875efaba/5CD08642/t51.2885-15/e35/49579484_417943578746850_6056746193828834487_n.jpg?_nc_ht=scontent-lht6-1.cdninstagram.com,2
https://scontent-lht6-1.cdninstagram.com/vp/9155de84cbfbf029358b4632e49d6e47/5CC2A75C/t51.2885-15/e35/47693617_780997805598486_8832491888258135323_n.jpg?_nc_ht=scontent-lht6-1.cdninstagram.com,3
https://scontent-lht6-1.cdninstagram.com/vp/09a30c8034b15469e5feda41b1a66207/5CC76452/t51.2885-15/e35/49933800_278560039502221_3707768412519390180_n.jpg?_nc_ht=scontent-lht6-1.cdninstagram.com,4
https://scontent-lht6-1.cdninstagram.com/vp/06c8a405d4da45722a71a23f06182dd3/5CC6E04B/t51.2885-15/fr/e15/s1080x1080/47692966_344489469473010_5988587681001039587_n.jpg?_nc_ht=scontent-lht6-1.cdninstagram.com,5
https://scontent-lht6-1.cdninstagram.com/vp/81e86cacaafa8518d80fc39d6a0812ad/5CB89C95/t51.2885-15/e35/49737014_217073852576887_5372051899458262515_n.jpg?_nc_ht=scontent-lht6-1.cdninstagram.com,6
https://scontent-lht6-1.cdninstagram.com/vp/9199eb55ba9b5149124161a2341d1c00/5CFCEEF6/t51.2885-15/e35/50041799_307754869870973_214075295143925475_n.jpg?_nc_ht=scontent-lht6-1.cdninstagram.com,7
https://scontent-lht6-1.cdninstagram.com/vp/8c17fc14e91c17e5327c00e366ed4aa9/5CC28559/t51.2885-15/e35/47693421_399573974117319_8764089785320078484_n.jpg?_nc_ht=scontent-lht6-1.cdninstagram.com,8
https://scontent-lht6-1.cdninstagram.com/vp/f9afdc6433c2069c5cb2444f7ed51ddb/5CFE18BD/t51.2885-15/e35/49361062_313856822577027_7757662308994705021_n.jpg?_nc_ht=scontent-lht6-1.cdninstagram.com,9
https://scontent-lht6-1.cdninstagram.com/vp/33625b61c295bfe882dbbbac4a5e15b5/5CC7467E/t51.2885-15/e35/47693442_759640234394754_438466476863796307_n.jpg?_nc_ht=scontent-lht6-1.cdninstagram.com,10
https://scontent-lht6-1.cdninstagram.com/vp/e97312b107226892e758bf5e831d98e2/5CBC3A4B/t51.2885-15/e35/50270373_146956776300450_1428617125861659936_n.jpg?_nc_ht=scontent-lht6-1.cdninstagram.com,11
https://scontent-lht6-1.cdninstagram.com/vp/e986430483640daec7f9a01b0ca1b984/5CBCE359/t51.2885-15/e35/49526016_2238517929803952_8630998532410058961_n.jpg?_nc_ht=scontent-lht6-1.cdninstagram.com,12
https://scontent-lht6-1.cdninstagram.com/vp/2db31a56f56eebe763f9af11bce8ca27/5CC2C409/t51.2885-15/e35/49443089_1173270826171233_7890527931760272253_n.jpg?_nc_ht=scontent-lht6-1.cdninstagram.com,13
https://scontent-lht6-1.cdninstagram.com/vp/f6459f337c70e339942414c4b73dfcc1/5CBB90C4/t51.2885-15/e35/50094103_392753508126590_6412513723290765760_n.jpg?_nc_ht=scontent-lht6-1.cdninstagram.com,14
https://scontent-lht6-1.cdninstagram.com/vp/86a456ba4bab5ce0b5b0f4cf9b01b18c/5CDF5C3A/t51.2885-15/e35/49756247_1216186648529972_933851259142961506_n.jpg?_nc_ht=scontent-lht6-1.cdninstagram.com,15
https://scontent-lht6-1.cdninstagram.com/vp/c8794a23e8067f383523802c1c6fec8a/5CB8740E/t51.2885-15/e35/49677082_293625334656545_8434633455922130023_n.jpg?_nc_ht=scontent-lht6-1.cdninstagram.com,16
https://scontent-lht6-1.cdninstagram.com/vp/acca1b2edabb144ae88c9100775b0298/5CD11A25/t51.2885-15/e35/50140769_2190561391196150_7123447188430991253_n.jpg?_nc_ht=scontent-lht6-1.cdninstagram.com,17
https://scontent-lht6-1.cdninstagram.com/vp/537f4b088989785152de26d7be97b5d8/5CDDB9CD/t51.2885-15/e35/47693571_2005341226210782_3980966676971786331_n.jpg?_nc_ht=scontent-lht6-1.cdninstagram.com,18
https://scontent-lht6-1.cdninstagram.com/vp/a05d792a924b9e7fa3050cbf1981e3de/5CBAAA1F/t51.2885-15/e35/49413234_343768753114015_5029372461649268516_n.jpg?_nc_ht=scontent-lht6-1.cdninstagram.com,19
https://scontent-lht6-1.cdninstagram.com/vp/9b6a48655657cc10cd1d7e15727f6e4a/5CDD8A94/t51.2885-15/fr/e15/s1080x1080/47692954_390148661759717_260151763006184083_n.jpg?_nc_ht=scontent-lht6-1.cdninstagram.com,20